<StockFace>
  <Face name="微笑" shortcut=":)" md5="1e376a99d4059562772aad9ac065fd71" type="gif" frame="0" trans="1"/>
  <Face name="大笑" shortcut=":D" md5="c5ce7689438e5ee92c5942d4885fc198" type="gif" frame="0" trans="1"/>
  <Face name="偷笑" shortcut="(tx)" md5="d2ff68289e44c32d61f17e9cfb8f781a" type="gif" frame="2" trans="1"/>
  <Face name="憨笑" shortcut=":o" md5="564396330c9e704c27533dd0a9f38d56" type="gif" frame="0" trans="1"/>
  <Face name="得意" shortcut="(dy)" md5="33991a718d98b7bde46d1656acd1d84f" type="gif" frame="0" trans="1"/>
  <Face name="可爱" shortcut="(ka)" md5="1eac4820cb2162ad0ea9050f730701ea" type="gif" frame="0" trans="1"/>
  <Face name="害羞" shortcut="(hx)" md5="afb7b910b894d8638a5f5f60d66080bb" type="gif" frame="4" trans="1"/>
  <Face name="乖" shortcut="(oo)" md5="6eeeea78151b0d992342b5d974ea9748" type="gif" frame="0" trans="1"/>
  <Face name="淘气" shortcut="(tq)" md5="3567d74d273570047d563a52487b458d" type="gif" frame="0" trans="1"/>
  <Face name="调皮" shortcut=":p" md5="17a002956048d2cc3e7136a60995f4c5" type="gif" frame="2" trans="1"/>
  <Face name="流泪" shortcut="(ll)" md5="6d177c2e8caa44b47950afd1c2d94ea1" type="gif" frame="2" trans="1"/>
  <Face name="大哭" shortcut=":'(" md5="f2468ad19982b6109525f86e60da0a40" type="gif" frame="2" trans="1"/>
  <Face name="撇嘴" shortcut="(pz)" md5="f4075f32764665658fe69d475536685f" type="gif" frame="0" trans="1"/>
  <Face name="闭嘴" shortcut=":-#" md5="97aac5ef30ca5c313f5055d3303a901a" type="gif" frame="2" trans="1"/>
  <Face name="嘘" shortcut="(xu)" md5="ea12132c217e29cc32a70ef2123baa55" type="gif" frame="3" trans="1"/>
  <Face name="鄙视" shortcut="(bs)" md5="0fd150d82ae7f2d174c9601f9ee09247" type="gif" frame="0" trans="1"/>
  <Face name="傲慢" shortcut="(am)" md5="8484e2fcd13826ff6d311fa23f6133f1" type="gif" frame="0" trans="1"/>
  <Face name="白眼" shortcut="(fc)" md5="46e7c6b53203f314943f5af66f6b9daf" type="gif" frame="0" trans="1"/>
  <Face name="思考" shortcut="(sk)" md5="8c1066c3a4fc9115b46e3ae72a19e3f4" type="gif" frame="2" trans="1"/>
  <Face name="困" shortcut="|-)" md5="fd2bdb138346f328795d068df107ec90" type="gif" frame="1" trans="1"/>
  <Face name="睡" shortcut="(zz)" md5="d6c03a77dc812595b2f41fdde34d05a6" type="gif" frame="2" trans="1"/>
  <Face name="汗" shortcut="(lh)" md5="fd2f51cd66989306299d8ad075abbc89" type="gif" frame="1" trans="1"/>
  <Face name="尴尬" shortcut=":$" md5="b143058415f04e4f21302736326fb37c" type="gif" frame="2" trans="1"/>
  <Face name="惊讶" shortcut=":-o" md5="c6fbb9628da63dc12c9a1fef25dea934" type="gif" frame="0" trans="1"/>
  <Face name="惊恐" shortcut="(jk)" md5="4a19620c98f2d809ea46900a0b552d7c" type="gif" frame="0" trans="1"/>
  <Face name="疑问" shortcut="(?)" md5="7e9cbda5e0b325f01d478f8e4adf69b2" type="gif" frame="0" trans="1"/>
  <Face name="晕" shortcut=":s" md5="18c3ccd14d992d8e5aa30acfe670d42f" type="gif" frame="0" trans="1"/>
  <Face name="敲打" shortcut="(qd)" md5="d237de97c3277b7749ce839db39b0649" type="gif" frame="2" trans="1"/>
  <Face name="难过" shortcut=":(" md5="f2e7df81f1e48584a82c82f99d266b7c" type="gif" frame="0" trans="1"/>
  <Face name="委屈" shortcut="(wq)" md5="3ced67ed7484ec180470b6cf8f0e44b3" type="gif" frame="0" trans="1"/>
  <Face name="色" shortcut="(se)" md5="5c0aacf4ce01a07aa72ced20edfb1fb0" type="gif" frame="0" trans="1"/>
  <Face name="抓狂" shortcut="(zk)" md5="fd78f2b8f16086a940e90f370b2bb0d4" type="gif" frame="1" trans="1"/>
  <Face name="愤怒" shortcut=":@" md5="c6d1d4982260a4bad13aab943f7799f0" type="gif" frame="0" trans="1"/>
  <Face name="吐" shortcut="+o(" md5="658d87d64e128385f28a59c15aa8cb91" type="gif" frame="2" trans="1"/>
  <Face name="衰" shortcut="(sh)" md5="ae2b37bc2c8186a5dad63a583ad278cb" type="gif" frame="0" trans="1"/>
  <Face name="再见" shortcut="(zj)" md5="b6db7f3a9e8a9c864046eb0eaa15942d" type="gif" frame="0" trans="1"/>
  <Face name="左拥抱" shortcut="({)" md5="3890735fdd2f25319367532f660bbcd2" type="gif" frame="0" trans="1"/>
  <Face name="右拥抱" shortcut="(})" md5="28a6dcccc96ad6d3082a0ff5554bebd6" type="gif" frame="0" trans="1"/>
  <Face name="闪人" shortcut="(sr)" md5="eb06e9170d5b470f124d3943f537e714" type="gif" frame="0" trans="1"/>
  <Face name="刀" shortcut="(d)" md5="d32893593db6217773e102bd694db4d8" type="gif" frame="2" trans="1"/>
  <Face name="吻" shortcut="(w)" md5="11d117a72c9cd5ffa2110c31cb4a385b" type="gif" frame="0" trans="1"/>
  <Face name="爱情" shortcut="(ai)" md5="7f73aeabe8ddb4bb23e06de4e6072e40" type="gif" frame="0" trans="1"/>
  <Face name="心碎" shortcut="(xs)" md5="b5fbcef53bf2d695db6bd48faa326585" type="gif" frame="1" trans="1"/>
  <Face name="鲜花" shortcut="(xh)" md5="5bc342dfc4b92d4c0cad3a4207a99380" type="gif" frame="0" trans="1"/>
  <Face name="枯萎" shortcut="(kw)" md5="9ef7d4c187f298a10953f5096cbe9162" type="gif" frame="0" trans="1"/>
  <Face name="胜利" shortcut="(sl)" md5="f08d998e04027d92feaf0f8667bb016c" type="gif" frame="0" trans="1"/>
  <Face name="OK" shortcut="(ok)" md5="f143718613f47bb929e7134b2457f260" type="gif" frame="0" trans="1"/>
  <Face name="大拇指" shortcut="(n)" md5="2f5113cfd0a33bfec485c222051db205" type="gif" frame="0" trans="1"/>
  <Face name="弱" shortcut="(r)" md5="2ea09b4e887a6871e22d6e52a014179c" type="gif" frame="0" trans="1"/>
  <Face name="握手" shortcut="(ws)" md5="a21bf8c01f41b9148b81aa1b53fb3a0e" type="gif" frame="0" trans="1"/>
  <Face name="蛋糕" shortcut="(^)" md5="47198bf11c75a03e6249a1ccc1064bce" type="gif" frame="0" trans="1"/>
  <Face name="咖啡" shortcut="(kf)" md5="d6bde4b624846fd08500053358e154ae" type="gif" frame="0" trans="1"/>
  <Face name="吃饭" shortcut="(cf)" md5="e3aac3a4e1e36a02959f62d9bbcab7ac" type="gif" frame="0" trans="1"/>
  <Face name="太阳" shortcut="(#)" md5="75132ac5d361fd71a0b8acc6d99b7692" type="gif" frame="0" trans="1"/>
  <Face name="月亮" shortcut="(s)" md5="5bbb83756e3e652b43f9f03d638718b4" type="gif" frame="0" trans="1"/>
  <Face name="星星" shortcut="(*)" md5="dcb31cac1b742034e9cdc5254f309d00" type="gif" frame="0" trans="1"/>
  <Face name="便便" shortcut="(bb)" md5="490183579bb95ab6eee1d695cdaef213" type="gif" frame="0" trans="1"/>
  <Face name="猪头" shortcut="(zt)" md5="ede07ac7f02fbc613381069a77ff1b5c" type="gif" frame="0" trans="1"/>
  <Face name="钱" shortcut="(q)" md5="eeb68b5c092155df924e69b2a1de21f9" type="gif" frame="0" trans="1"/>
  <Face name="Hi" shortcut="(hi)" md5="33037bedc05c33f5998f875c608d4ba1" type="gif" frame="2" trans="1"/>
</StockFace>
